Team,Manchester City_21_22,Liverpool_21_22,Chelsea_21_22,Arsenal_21_22,Tottenham_21_22,Manchester Utd_21_22,West Ham_21_22,Wolves_21_22,Leicester City_21_22,Aston Villa_21_22,Southampton_21_22,Crystal Palace_21_22,Brighton_21_22,Newcastle Utd_21_22,Brentford_21_22,Everton_21_22,Leeds United_21_22,Burnley_21_22,Watford_21_22,Norwich City_21_22
Chelsea_16_17,9.486832980505138,14.352700094407323,10.392304845413264,23.452078799117146,29.359836511806396,31.12876483254676,30.675723300355934,40.50925820105819,44.22668877499196,41.677331968349414,47.07440918375928,44.553338819890925,50.53711507397311,53.87021440462252,56.4003546088143,59.67411499134277,69.74955196988724,63.51377803280167,67.91906948714772,77.89736837660179
Tottenham_16_17,16.673332000533065,19.339079605813716,2.8284271247461903,15.684387141358123,20.92844953645635,23.08679276123039,21.748563170931547,31.448370387032774,36.11094017053558,32.38826948140329,38.2099463490856,34.942810419312295,41.060930335295616,45.18849411078001,47.16990566028302,50.6458290484024,61.814237842102365,53.79591062525106,58.93216439263028,69.33974329343886
Manchester City_16_17,22.0,23.280893453645632,11.575836902790225,10.488088481701515,14.352700094407323,15.652475842498529,15.264337522473747,30.347981810987037,28.460498941515414,26.28687885618983,31.843366656181317,29.410882339705484,37.094473981982816,38.52272056851645,41.24318125460256,44.28317965096906,54.194095619356915,49.193495504995376,52.43090691567332,62.68971207462992
Liverpool_16_17,23.430749027719962,22.693611435820433,16.76305461424021,16.522711641858304,17.46424919657298,17.26267650163207,17.204650534085253,36.22154055254967,27.51363298439521,27.16615541441225,33.0,30.56141357987225,40.50925820105819,39.102429592034305,42.23742416388575,44.67661580737735,53.16013544000805,51.234753829797995,52.40229002629561,63.0
Manchester Utd_16_17,30.93541659651604,33.74907406137241,16.64331697709324,8.306623862918075,13.152946437965905,16.431676725154983,14.966629547095765,17.204650534085253,28.861739379323623,23.366642891095847,27.80287754891569,25.179356624028344,27.874719729532707,34.77067730142742,36.11094017053558,40.049968789001575,52.44044240850758,41.38840417314975,48.394214530251446,58.008620049092706
Arsenal_16_17,27.349588662354687,26.570660511172846,18.81488772222678,15.165750888103101,14.352700094407323,13.74772708486752,13.45362404707371,33.66006535941367,23.280893453645632,22.869193252058544,28.879058156387302,26.248809496813376,36.76955262170047,34.92849839314596,37.960505792204614,40.36087214122113,49.08156476723211,47.031904065219386,48.05205510693585,58.8387627334226
Everton_16_17,32.69556544854363,33.71943060017473,19.1049731745428,7.681145747868608,5.916079783099616,8.246211251235321,5.477225575051661,20.639767440550294,20.12461179749811,15.427248620541512,21.37755832643195,18.0,25.553864678361276,28.372521918222215,30.23243291566195,33.67491648096547,45.34313619501854,37.429934544425805,41.95235392680606,52.54521862167861
West Brom_16_17,47.18050444834179,48.31148931672465,33.555923471125034,17.204650534085253,11.489125293076057,11.445523142259598,11.357816691600547,16.401219466856727,12.569805089976535,6.708203932499369,7.874007874011811,7.681145747868608,12.569805089976535,14.7648230602334,16.401219466856727,20.12461179749811,32.66496594212215,23.790754506740637,28.478061731796284,38.28837943815329
Stoke City_16_17,53.563046963368315,54.59853477887479,39.93745109543172,23.430749027719962,17.69180601295413,17.146428199482248,17.378147196982766,18.81488772222678,13.076696830622021,9.055385138137417,4.358898943540674,7.874007874011811,9.0,9.433981132056603,10.488088481701515,14.352700094407323,27.459060435491963,18.027756377319946,22.58317958127243,32.046840717924134
Southampton_16_17,52.66877632905477,53.665631459994955,38.600518131237564,23.366642891095847,17.832554500127006,17.804493814764857,17.05872210923198,16.583123951777,15.165750888103101,8.774964387392123,7.3484692283495345,6.4031242374328485,7.3484692283495345,12.409673645990857,11.789826122551595,16.09347693943108,30.347981810987037,17.4928556845359,24.186773244895647,34.20526275297414
West Ham_16_17,56.18718715152058,56.16938667993447,44.01136216933077,28.30194339616981,21.37755832643195,19.131126469708992,20.09975124224178,29.597297173897484,6.708203932499369,10.862780491200215,7.0,11.045361017187261,19.209372712298546,6.4031242374328485,10.770329614269007,11.313708498984761,20.149441679609886,21.93171219946131,18.49324200890693,29.0
Burnley_16_17,58.215118311311535,58.93216439263028,44.598206241955516,28.61817604250837,22.516660498395403,21.633307652783937,21.6794833886788,22.67156809750927,14.317821063276353,11.575836902790225,5.744562646538029,9.16515138991168,9.643650760992955,6.082762530298219,5.0990195135927845,9.273618495495704,23.49468024894146,13.601470508735444,17.435595774162696,27.440845468024488
Watford_16_17,59.74110812497538,60.07495318350236,46.9148164229596,30.643106892089126,24.06241883103193,22.360679774997898,23.108440016582687,28.178005607210743,11.704699910719626,13.038404810405298,6.708203932499369,11.832159566199232,15.7797338380595,1.0,5.830951894845301,6.782329983125268,18.33030277982336,16.881943016134134,14.696938456699069,24.919871588754223
Bournemouth_16_17,60.00833275470999,59.50630218724736,48.52834223420371,33.481338085566414,26.476404589747453,23.874672772626646,24.939927826679853,35.6931365951495,10.344080432788601,16.186414056238647,13.076696830622021,16.30950643030009,24.596747752497688,10.04987562112089,13.784048752090222,12.24744871391589,16.431676725154983,24.515301344262525,17.029386365926403,27.331300737432898
Leicester City_16_17,59.89156868875618,60.207972893961475,46.9148164229596,30.870698080866262,24.269322199023193,22.67156809750927,23.194827009486403,27.748873851023216,12.206555615733702,12.806248474865697,6.708203932499369,11.224972160321824,15.066519173319364,1.7320508075688772,4.69041575982343,6.164414002968976,18.81488772222678,15.84297951775486,14.352700094407323,24.919871588754223
Crystal Palace_16_17,59.06775770248944,59.06775770248944,46.16275555033516,31.064449134018133,24.186773244895647,22.494443758403985,22.58317958127243,28.600699292150182,11.445523142259598,11.74734012447073,7.681145747868608,9.899494936611665,16.401219466856727,5.385164807134504,6.164414002968976,7.3484692283495345,19.949937343260004,16.76305461424021,15.033296378372908,26.589471600616662
Swansea City_16_17,68.09552114493287,67.60917097554147,56.824290580701486,41.14608122288197,34.36568055487916,31.78049716414141,33.166247903554,42.0,18.57417562100671,24.289915602982237,19.72308292331602,23.958297101421877,29.410882339705484,14.177446878757825,17.08800749063506,13.564659966250536,8.602325267042627,25.942243542145693,13.92838827718412,21.470910553583888
Hull City_16_17,71.30918594402827,71.61703707917552,58.40376700179535,41.86884283091664,35.510561809129406,33.85262175962151,34.66987164671943,36.41428291206625,22.516660498395403,24.372115213907882,17.97220075561143,22.494443758403985,21.93171219946131,11.0,10.295630140987,6.48074069840786,10.488088481701515,14.866068747318506,5.0990195135927845,13.379088160259652
Middlesbrough_16_17,68.83313155741209,70.09992867328754,54.16641025580336,40.049968789001575,35.4400902933387,35.70714214271425,34.77067730142742,24.596747752497688,30.822070014844883,25.942243542145693,22.22611077089287,22.516660498395403,12.569805089976535,21.213203435596427,16.401219466856727,19.1049731745428,32.29551052391029,7.3484692283495345,22.338307903688676,28.600699292150182
Sunderland_16_17,73.21885003194191,73.60027173862879,59.75784467331465,43.78355855797927,37.53664875824692,36.24913792078372,36.52396473549935,35.6931365951495,25.67099530598687,25.80697580112788,19.87460691435179,23.194827009486403,20.71231517720798,13.74772708486752,10.488088481701515,7.874007874011811,15.165750888103101,10.246950765959598,5.0990195135927845,13.379088160259652
Manchester City_17_18,15.362291495737216,12.727922061357855,29.698484809834994,44.78839135311738,48.96937818678118,49.76946855251722,49.20365840057018,62.8410693734599,60.778285596090974,59.69087032369355,65.86349520030045,62.74551776820397,71.386273190299,72.24956747275377,75.05331438384317,77.74959806970065,86.3075894692929,83.16249154516716,85.53946457629952,96.28083921528727
Manchester Utd_17_18,18.138357147217054,21.18962010041709,4.123105625617661,15.066519173319364,20.663978319771825,23.065125189341593,21.6794833886788,29.832867780352597,36.235341863986875,32.155870381627054,37.8021163428716,34.583232931581165,40.01249804748511,44.82186966202994,46.66904755831214,50.25932749251625,61.70899448216605,52.96225070746144,58.58327406350724,68.85491994040804
Liverpool_17_18,18.681541692269406,17.0,15.394804318340652,21.236760581595302,23.043437243605826,23.15167380558045,22.67156809750927,40.570925550201586,33.301651610693426,32.64965543462902,38.79432948254165,35.888716889852724,45.83666654546336,44.955533585978046,47.89572005931219,50.37856687124,58.957611891934704,56.64803615307419,58.0689245638319,68.8839603971781
Tottenham_17_18,21.37755832643195,23.173260452512935,7.54983443527075,11.445523142259598,15.84297951775486,18.0,16.431676725154983,27.748873851023216,30.870698080866262,27.018512172212592,32.93933818400121,29.597297173897484,36.235341863986875,39.91240408695021,41.88078318274385,45.32107677449864,56.568542494923804,48.7134478352744,53.59104402789705,64.10148204214939
Chelsea_17_18,25.079872407968907,26.888659319497503,11.0,8.54400374531753,12.68857754044952,15.165750888103101,13.416407864998739,24.24871130596428,28.089143810376278,23.790754506740637,29.546573405388315,26.267851073127396,32.51153641401772,36.565010597564445,38.41874542459709,41.95235392680606,53.49766350038102,45.088801270381985,50.25932749251625,60.67124524847005
Arsenal_17_18,36.138621999185304,35.86084215408221,25.13961017995307,13.92838827718412,8.602325267042627,6.4031242374328485,6.4031242374328485,28.089143810376278,13.856406460551018,13.45362404707371,19.28730152198591,17.0,28.178005607210743,25.25866188063018,28.30194339616981,30.675723300355934,39.91240408695021,37.656340767525464,38.43175770115127,49.23413450036468
Burnley_17_18,56.471231613982,58.881236400062114,41.773197148410844,28.442925306655784,26.551836094703507,28.24889378365107,27.202941017470888,8.717797887081348,30.4138126514911,23.62202362203543,22.293496809607955,21.77154105707724,10.63014581273465,25.787593916455254,23.748684174075834,28.0,42.02380277890139,21.93171219946131,34.49637662132068,41.48493702538308
Leicester City_17_18,49.01020301937138,49.29503017546495,36.08323710533743,20.97617696340303,14.0,12.449899597988733,12.36931687685298,22.737634001804146,6.782329983125268,2.23606797749979,5.477225575051661,4.358898943540674,15.937377450509228,11.74734012447073,14.035668847618199,16.881943016134134,28.61817604250837,23.452078799117146,25.03996805109783,35.91656999213594
Everton_17_18,57.982756057296896,58.60034129593445,45.09988913511872,28.284271247461902,22.0,20.46948949045872,21.470910553583888,25.942243542145693,11.40175425099138,12.206555615733702,5.0990195135927845,11.445523142259598,14.352700094407323,3.1622776601683795,7.54983443527075,9.433981132056603,20.46948949045872,17.832554500127006,17.291616465790582,26.645825188948457
Watford_17_18,55.10898293381942,55.163393659201205,42.67317658670374,27.073972741361768,20.12461179749811,18.05547008526779,18.76166303929372,27.85677655436824,6.4031242374328485,9.055385138137417,5.385164807134504,9.055385138137417,17.69180601295413,6.4031242374328485,10.198039027185569,11.489125293076057,21.6794833886788,21.18962010041709,19.131126469708992,29.88310559496787
Bournemouth_17_18,56.73623181001713,57.3149195236284,43.37049688440288,27.367864366808018,21.0,19.849433241279208,20.049937655763422,23.366642891095847,11.874342087037917,9.797958971132712,3.605551275463989,7.874007874011811,11.445523142259598,5.196152422706632,6.164414002968976,9.695359714832659,23.194827009486403,15.84297951775486,18.05547008526779,28.372521918222215
Brighton_17_18,59.74110812497538,61.0163912403872,45.48626166217664,29.816103031751148,24.839484696748443,24.859605789312106,24.49489742783178,18.547236990991408,20.615528128088304,15.937377450509228,11.532562594670797,13.19090595827292,3.605551275463989,12.529964086141668,9.797958971132712,14.0,28.319604517012593,11.180339887498949,20.83266665599966,29.206163733020468
West Ham_17_18,60.28266749240614,60.332412515993425,47.81213235152768,31.906112267087632,25.099800796022265,23.08679276123039,23.895606290697042,30.773365106858236,11.045361017187261,13.892443989449804,8.602325267042627,13.0,18.601075237738275,3.7416573867739413,7.681145747868608,7.14142842854285,16.76305461424021,18.708286933869708,14.177446878757825,24.779023386727733
Huddersfield_17_18,65.34523701081817,66.2117814289874,52.01922721455981,35.014282800023196,29.223278392404914,28.089143810376278,28.89636655359978,28.337254630609507,19.339079605813716,19.313207915827967,12.24744871391589,17.46424919657298,14.352700094407323,7.0710678118654755,6.557438524302,7.14142842854285,17.916472867168917,12.409673645990857,12.68857754044952,20.049937655763422
Newcastle Utd_17_18,60.67124524847005,61.71709649683789,46.486557196677836,31.0322412983658,25.67099530598687,25.45584412271571,25.019992006393608,20.54263858417414,20.024984394500787,15.684387141358123,11.180339887498949,12.649110640673518,5.744562646538029,11.357816691600547,7.874007874011811,12.083045973594572,26.758176320519304,9.643650760992955,18.867962264113206,27.80287754891569
Southampton_17_18,61.75759062657804,62.433965115151864,47.8748368143433,32.46536616149585,26.49528259898354,25.787593916455254,25.475478405713993,24.1039415863879,18.2208671582886,15.132745950421556,10.198039027185569,12.041594578792296,9.695359714832659,8.602325267042627,4.123105625617661,8.306623862918075,23.345235059857504,9.273618495495704,15.394804318340652,25.37715508089904
Crystal Palace_17_18,65.09992319503918,65.98484674529449,51.22499389946279,35.12833614050059,29.427877939124322,28.722813232690143,28.792360097775937,25.787593916455254,20.97617696340303,18.788294228055936,12.806248474865697,16.0312195418814,10.862780491200215,9.486832980505138,5.385164807134504,8.06225774829855,21.748563170931547,7.3484692283495345,13.74772708486752,22.090722034374522
Swansea City_17_18,67.09694478886502,68.30812543175226,52.952809179494906,36.851051545376556,31.71750305430741,31.38470965295043,31.38470965295043,25.079872407968907,24.899799195977465,22.02271554554524,16.24807680927192,19.209372712298546,10.488088481701515,13.638181696985855,9.848857801796104,12.206555615733702,24.677925358506133,6.164414002968976,16.401219466856727,22.715633383201094
Stoke City_17_18,68.8839603971781,69.14477565225012,56.16938667993447,39.61060464067672,33.18132004607411,31.400636936215164,32.341923257592455,35.35533905932738,19.87460691435179,22.22611077089287,15.84297951775486,20.639767440550294,21.283796653792763,8.774964387392123,9.273618495495704,5.477225575051661,10.488088481701515,16.0312195418814,7.0710678118654755,15.84297951775486
West Brom_17_18,71.36525765384722,72.11795892841117,57.227615711297986,41.96427051671457,36.29049462324811,35.6931365951495,35.35533905932738,30.430248109405877,27.477263328068172,25.019992006393608,19.87460691435179,21.77154105707724,15.7797338380595,16.0312195418814,11.045361017187261,11.74734012447073,23.280893453645632,2.23606797749979,13.038404810405298,19.87460691435179
Liverpool_18_19,5.0,10.723805294763608,12.84523257866513,29.68164415931166,35.22782990761707,37.067505985701274,36.05551275463989,45.12205669071391,49.889878733065686,46.84015371452148,52.73518749374084,49.49747468305833,55.68662316930342,59.64059020499378,61.806148561449774,65.1766829472013,75.77598564189053,68.5054742338158,73.41661937191061,83.83913167489273
Manchester City_18_19,7.3484692283495345,2.8284271247461903,20.149441679609886,35.749125863438955,39.824615503479755,40.80441152620633,39.93745109543172,53.319789947073126,52.09606511052442,50.40833264451424,56.72741841473134,53.33854141237835,61.82232606429493,63.26136261573884,65.81033353509159,68.66585760041157,77.95511529078769,73.60706487831179,76.55716818169282,87.4414089547967
Tottenham_18_19,19.261360284258224,21.0,10.246950765959598,12.68857754044952,17.349351572897472,18.708286933869708,18.49324200890693,32.46536616149585,31.575306807693888,29.5296461204668,34.942810419312295,32.64965543462902,39.93745109543172,41.60528812542944,44.384682042344295,47.43416490252569,57.18391382198319,52.25897052181568,55.58776843874919,65.70388116390082
Arsenal_18_19,25.15949125081825,24.351591323771842,19.467922333931785,17.578395831246947,18.138357147217054,17.4928556845359,18.05547008526779,37.656340767525464,27.03701166919155,27.60434748368452,33.03028912982749,31.144823004794873,41.24318125460256,38.84584919911006,42.30839160261236,44.51965857910413,52.21110992882645,51.70106381884226,52.09606511052442,62.44197306299666
Chelsea_18_19,25.96150997149434,27.85677655436824,13.92838827718412,5.477225575051661,10.677078252031311,12.68857754044952,12.449899597988733,25.67099530598687,26.19160170741759,23.345235059857504,28.39013913315678,26.324893162176366,32.77193921634788,35.185224171518364,37.77565353504821,41.02438299353203,51.42956348249516,45.32107677449864,49.28488612140643,59.21148537234985
Manchester Utd_18_19,26.248809496813376,26.476404589747453,17.578395831246947,12.12435565298214,13.076696830622021,12.96148139681572,13.490737563232042,32.28002478313795,24.269322199023193,23.790754506740637,29.13760456866693,27.27636339397171,36.45545226711637,35.34119409414458,38.600518131237564,41.15823125451335,49.839743177508446,47.54997371187496,49.03060268852505,59.270566050949775
Wolves_18_19,47.10626285325551,48.425200051213004,33.18132004607411,17.11724276862369,12.041594578792296,12.569805089976535,12.083045973594572,14.212670403551895,14.730919862656235,8.246211251235321,9.433981132056603,8.602325267042627,11.445523142259598,16.09347693943108,17.146428199482248,21.118712081942874,34.14674215792775,23.558437978779494,29.427877939124322,39.102429592034305
Watford_18_19,46.54030511288038,47.24404724407086,33.555923471125034,17.378147196982766,10.677078252031311,9.433981132056603,9.9498743710662,20.46948949045872,8.602325267042627,4.58257569495584,7.0710678118654755,7.280109889280518,15.937377450509228,13.92838827718412,16.583123951777,19.672315572906,31.064449134018133,25.495097567963924,27.94637722496424,38.13135192987524
Everton_18_19,48.692915295759406,49.16299421312742,35.397740040855716,20.322401432901575,13.601470508735444,12.569805089976535,12.083045973594572,20.639767440550294,9.0,2.0,5.744562646538029,3.1622776601683795,14.247806848775006,12.449899597988733,14.071247279470288,17.378147196982766,29.899832775452108,22.693611435820433,25.65151067676132,36.45545226711637
West Ham_18_19,52.028838157314254,52.773099207835045,38.691084244306204,22.47220505424423,16.15549442140351,15.165750888103101,15.427248620541512,20.54263858417414,10.04987562112089,6.324555320336759,2.23606797749979,5.830951894845301,11.789826122551595,9.1104335791443,11.045361017187261,14.491376746189438,27.09243436828813,19.87460691435179,22.847319317591726,32.93933818400121
Leicester City_18_19,52.46903848937962,53.319789947073126,38.79432948254165,22.912878474779202,16.881943016134134,16.30950643030009,16.1245154965971,18.867962264113206,12.206555615733702,7.0710678118654755,4.123105625617661,5.477225575051661,9.643650760992955,10.04987562112089,10.770329614269007,14.696938456699069,28.178005607210743,18.466185312619388,23.021728866442675,33.12099032335839
Bournemouth_18_19,57.367238037053866,57.175169435691224,45.880278987817846,30.14962686336267,23.345235059857504,20.73644135332772,22.22611077089287,33.19638534539566,7.810249675906654,14.2828568570857,10.816653826391969,15.033296378372908,23.043437243605826,9.1104335791443,13.92838827718412,13.341664064126334,18.49324200890693,25.03996805109783,19.235384061671343,28.930952282978865
Newcastle Utd_18_19,58.855755878248644,60.249481325568276,44.384682042344295,29.359836511806396,24.779023386727733,25.15949125081825,24.43358344574123,16.401219466856727,22.22611077089287,16.583123951777,13.341664064126334,13.74772708486752,2.0,15.231546211727817,12.36931687685298,16.64331697709324,31.192947920964443,12.328828005937952,23.345235059857504,31.71750305430741
Crystal Palace_18_19,56.71860364994893,57.4543296888929,42.74342054632502,27.730849247724095,21.840329667841555,21.400934559032695,20.73644135332772,20.248456731316587,15.84297951775486,10.862780491200215,7.681145747868608,7.615773105863909,7.810249675906654,10.04987562112089,7.874007874011811,12.24744871391589,27.09243436828813,13.601470508735444,20.049937655763422,30.380915061926625
Brighton_18_19,59.1100668245266,59.88321968631947,45.32107677449864,29.5296461204668,23.57965224510319,22.869193252058544,22.737634001804146,22.293496809607955,15.937377450509228,12.68857754044952,7.3484692283495345,9.9498743710662,8.602325267042627,7.3484692283495345,5.0,9.433981132056603,24.06241883103193,12.083045973594572,17.291616465790582,27.16615541441225
Burnley_18_19,62.56196927846821,62.928530890209096,49.77951385861457,33.25657829663178,26.795522013948524,25.079872407968907,25.98076211353316,30.116440692751194,14.212670403551895,16.0312195418814,9.486832980505138,14.730919862656235,17.029386365926403,2.449489742783178,5.916079783099616,5.196152422706632,15.7797338380595,16.186414056238647,12.36931687685298,22.045407685048602
Southampton_18_19,63.182275995725256,63.608175575157006,49.8196748283246,33.91164991562634,27.53179979587241,26.248809496813376,26.476404589747453,28.089143810376278,16.431676725154983,15.84297951775486,9.899494936611665,13.45362404707371,14.0,4.898979485566356,1.0,3.605551275463989,18.466185312619388,11.661903789690601,11.704699910719626,22.22611077089287
Cardiff City_18_19,71.79136438319027,72.18032973047436,58.957611891934704,42.16633728461603,35.91656999213594,34.249087579087416,35.22782990761707,36.837480912787726,23.065125189341593,25.15949125081825,18.547236990991408,23.430749027719962,22.494443758403985,11.575836902790225,11.357816691600547,7.810249675906654,10.04987562112089,15.811388300841896,6.4031242374328485,12.806248474865697
Fulham_18_19,80.5791536316931,80.36790404135223,68.27151675479314,52.124850119688595,45.48626166217664,43.42810150121693,44.36214602563767,47.74934554525329,30.740852297878796,34.08812109811862,28.372521918222215,32.4037034920393,33.12099032335839,21.37755832643195,20.97617696340303,16.61324772583615,6.782329983125268,23.68543856465402,9.273618495495704,9.219544457292887
Huddersfield_18_19,82.81304245105356,83.47454701883683,68.92024376045111,52.933921071464184,47.138094997570704,46.184412955021955,46.33573135281238,41.701318923986086,36.359317925395686,35.79106033634656,29.832867780352597,32.87856444554719,27.16615541441225,24.124676163629637,20.46948949045872,18.627936010197157,21.748563170931547,14.071247279470288,13.601470508735444,11.575836902790225
Liverpool_19_20,10.954451150103322,15.811388300841896,21.213203435596427,33.85262175962151,39.824615503479755,41.340053217188775,41.291645644125154,51.0,54.16641025580336,52.3354564325181,57.4978260458602,55.362442142665635,61.28621378417825,64.1248781675256,66.97014260101288,70.09279563550022,79.3536388579629,74.35052118176442,78.26237921249263,87.94316346368261
Manchester City_19_20,17.69180601295413,15.066519173319364,16.401219466856727,24.186773244895647,25.942243542145693,26.038433132583073,25.37715508089904,43.12771730569565,35.79106033634656,35.12833614050059,41.43669871020132,38.28837943815329,48.46648326421054,47.54997371187496,50.39841267341661,52.839379254491625,61.36774397026503,59.10160742314882,60.44832503882965,71.42128534267638
Leicester City_19_20,25.632011235952593,26.095976701399778,13.076696830622021,11.180339887498949,12.36931687685298,13.784048752090222,11.74734012447073,27.386127875258307,25.514701644346147,22.045407685048602,28.478061731796284,24.779023386727733,33.301651610693426,35.2845575287547,37.33630940518894,40.52159917870962,51.478150704935004,44.82186966202994,48.641546028061235,59.55669567731239
Chelsea_19_20,38.18376618407357,38.44476557348217,26.38181191654584,12.409673645990857,5.830951894845301,3.0,4.123105625617661,24.919871588754223,12.0,10.816653826391969,16.1245154965971,14.45683229480096,24.698178070456937,22.40535650240808,25.475478405713993,28.089143810376278,37.8549864614954,34.66987164671943,36.069377593742864,46.561786907291264
Sheffield Utd_19_20,46.57252408878007,49.02040391510457,31.953090617340916,18.788294228055936,17.916472867168917,20.248456731316587,18.973665961010276,2.8284271247461903,26.248809496813376,19.131126469708992,20.322401432901575,18.708286933869708,14.035668847618199,26.019223662515376,25.612496949731394,30.0,43.840620433565945,27.80287754891569,37.76241517699841,46.2709412050371
Manchester Utd_19_20,39.35733730830886,40.45985664828782,25.199206336708304,12.206555615733702,8.06225774829855,9.899494936611665,7.0710678118654755,15.684387141358123,17.74823934929885,10.862780491200215,16.34013463836819,12.409673645990857,18.788294228055936,23.345235059857504,24.372115213907882,28.178005607210743,41.060930335295616,30.675723300355934,36.46916505762094,47.02127178203499
Wolves_19_20,41.400483088968905,42.37924020083418,27.748873851023216,12.727922061357855,6.782329983125268,7.54983443527075,5.916079783099616,17.05872210923198,14.071247279470288,7.810249675906654,12.884098726725126,10.04987562112089,17.4928556845359,19.949937343260004,21.61018278497431,25.199206336708304,37.48332962798263,28.948229652260256,33.54101966249684,43.93176527297759
Tottenham_19_20,42.02380277890139,42.02380277890139,29.698484809834994,16.24807680927192,9.16515138991168,7.14142842854285,6.4031242374328485,24.269322199023193,9.055385138137417,6.4031242374328485,12.727922061357855,9.9498743710662,21.77154105707724,18.920887928424502,21.470910553583888,24.1039415863879,34.68429039204925,30.62678566222711,32.046840717924134,43.05810028322197
Arsenal_19_20,44.14748010928823,44.955533585978046,30.643106892089126,15.394804318340652,9.0,8.831760866327848,7.874007874011811,17.944358444926362,11.789826122551595,5.0990195135927845,9.9498743710662,7.3484692283495345,15.7797338380595,17.0,18.708286933869708,22.22611077089287,34.55430508634199,26.476404589747453,30.56141357987225,41.02438299353203
Burnley_19_20,51.254268114957995,52.392747589718944,37.64306044943742,21.0,15.394804318340652,15.033296378372908,15.297058540778355,17.4928556845359,12.84523257866513,8.246211251235321,5.385164807134504,7.874007874011811,9.9498743710662,11.445523142259598,12.884098726725126,16.673332000533065,29.427877939124322,20.273134932713294,24.939927826679853,34.36568055487916
Everton_19_20,50.60632371551998,51.19570294468082,37.589892258425,21.42428528562855,14.798648586948742,13.416407864998739,13.92838827718412,21.863211109075447,7.810249675906654,5.0990195135927845,3.0,6.0,14.177446878757825,9.848857801796104,12.569805089976535,15.556349186104045,27.27636339397171,22.02271554554524,23.83275057562597,34.07345007480164
Crystal Palace_19_20,55.98214000911362,57.86190456595773,41.49698784249286,26.19160170741759,22.67156809750927,23.600847442411894,23.043437243605826,11.789826122551595,23.452078799117146,17.46424919657298,14.89966442575134,15.524174696260024,3.7416573867739413,18.16590212458495,16.583123951777,20.85665361461421,34.77067730142742,17.26267650163207,27.874719729532707,35.58089374931439
Southampton_19_20,58.33523806414096,58.557663887829406,46.184412955021955,29.68164415931166,23.08679276123039,20.92844953645635,22.315913604421397,30.23243291566195,9.433981132056603,13.564659966250536,8.06225774829855,13.638181696985855,19.261360284258224,5.196152422706632,10.488088481701515,10.488088481701515,18.05547008526779,21.42428528562855,17.26267650163207,26.70205984563738
Newcastle Utd_19_20,61.91930232165088,63.229739838148944,47.97916214358062,31.368774282716245,26.30589287593181,25.98076211353316,26.248809496813376,21.470910553583888,20.54263858417414,17.578395831246947,11.575836902790225,15.329709716755891,7.3484692283495345,10.677078252031311,8.774964387392123,12.206555615733702,25.199206336708304,11.224972160321824,18.627936010197157,25.96150997149434
Brighton_19_20,58.83026432033091,59.371710435189584,45.02221673796171,30.01666203960727,23.853720883753127,23.108440016582687,22.58317958127243,23.021728866442675,15.84297951775486,12.083045973594572,8.18535277187245,8.831760866327848,9.848857801796104,8.54400374531753,5.477225575051661,9.695359714832659,24.698178070456937,12.206555615733702,17.378147196982766,28.053520278211074
West Ham_19_20,61.75759062657804,61.69278726074872,49.07137658554119,33.67491648096547,26.795522013948524,24.919871588754223,25.317977802344327,31.32091952673165,12.96148139681572,14.730919862656235,10.0,13.152946437965905,18.49324200890693,5.0990195135927845,6.4031242374328485,5.385164807134504,16.64331697709324,16.911534525287763,12.36931687685298,23.83275057562597
Watford_19_20,63.796551630946325,64.5445582524197,50.0,34.08812109811862,28.178005607210743,27.367864366808018,27.367864366808018,25.632011235952593,19.28730152198591,17.11724276862369,11.313708498984761,14.317821063276353,10.862780491200215,8.12403840463596,3.605551275463989,7.0,21.470910553583888,8.366600265340756,13.601470508735444,22.891046284519195
Bournemouth_19_20,63.97655820689325,64.5832795698701,50.40833264451424,34.36568055487916,28.231188426986208,27.16615541441225,27.349588662354687,27.202941017470888,18.138357147217054,16.911534525287763,10.816653826391969,14.352700094407323,12.68857754044952,6.4031242374328485,2.0,4.898979485566356,19.44222209522358,9.848857801796104,12.083045973594572,21.840329667841555
Aston Villa_19_20,67.34983296193094,67.06713054842886,55.263007518592396,39.57271787481876,32.71085446759225,30.479501308256342,31.38470965295043,38.06573262134856,17.4928556845359,21.42428528562855,16.431676725154983,20.322401432901575,24.73863375370596,10.198039027185569,11.874342087037917,8.06225774829855,9.643650760992955,20.396078054371138,9.433981132056603,19.44222209522358
Norwich City_19_20,72.40165743959182,72.73238618387272,59.09314681077663,43.01162633521314,36.68787265568828,35.2845575287547,35.679125549822544,35.73513677041127,24.413111231467404,25.0,18.973665961010276,22.561028345356956,20.83266665599966,12.569805089976535,9.848857801796104,6.708203932499369,13.74772708486752,11.40175425099138,4.123105625617661,13.416407864998739
Manchester City_20_21,12.68857754044952,17.05872210923198,6.082762530298219,20.223748416156685,26.248809496813376,28.39013913315678,27.49545416973504,35.832945734337834,41.677331968349414,38.28837943815329,43.78355855797927,40.91454509095757,46.357307945997036,50.724747411889595,52.87721626560914,56.356011214421486,67.21606950722423,59.43904440685432,64.66838485689897,74.75961476626267
Manchester Utd_20_21,24.289915602982237,24.73863375370596,14.071247279470288,11.045361017187261,12.884098726725126,13.601470508735444,13.076696830622021,30.512292604784715,25.65151067676132,23.853720883753127,29.698484809834994,27.073972741361768,35.86084215408221,36.24913792078372,39.02563260217571,41.892720131306824,51.58488150611572,47.34976240700686,49.92995093127971,60.44832503882965
Leicester City_20_21,29.189039038652847,30.62678566222711,16.911534525287763,4.242640687119285,7.0710678118654755,9.0,8.774964387392123,24.1039415863879,22.494443758403985,19.672315572906,24.779023386727733,22.737634001804146,29.79932885150268,31.559467676119,34.19064199455752,37.376463182061514,47.80167361086848,42.0,45.617978911828175,55.65968020030299
Chelsea_20_21,31.400636936215164,33.49626844888845,16.911534525287763,7.211102550927978,10.198039027185569,13.379088160259652,11.357816691600547,17.578395831246947,25.573423705088842,20.024984394500787,25.099800796022265,21.97726097583591,26.343879744638983,32.155870381627054,33.54101966249684,37.376463182061514,49.749371855331,39.370039370059054,45.727453460694704,55.80322571321482
West Ham_20_21,36.235341863986875,37.8021163428716,22.693611435820433,6.4031242374328485,3.605551275463989,6.782329983125268,5.830951894845301,17.378147196982766,18.627936010197157,13.92838827718412,18.411952639521967,16.431676725154983,22.02271554554524,25.39685019840059,27.459060435491963,31.016124838541646,42.638011210655684,34.539832078341085,39.370039370059054,49.26459174701441
Everton_20_21,40.91454509095757,42.16633728461603,27.964262908219126,10.770329614269007,4.898979485566356,5.196152422706632,6.4031242374328485,18.681541692269406,13.784048752090222,10.246950765959598,13.490737563232042,13.076696830622021,19.339079605813716,20.248456731316587,22.912878474779202,26.1725046566048,37.134889255254286,30.95157508108432,34.45286635390443,44.11349000022555
Tottenham_20_21,34.07345007480164,34.88552708502482,20.42057785666214,9.539392014169456,6.557438524302,8.48528137423857,5.0990195135927845,20.346989949375804,19.209372712298546,14.071247279470288,20.322401432901575,16.492422502470642,24.515301344262525,27.294688127912362,28.948229652260256,32.4037034920393,44.31703961232068,36.069377593742864,40.64480286580315,51.42956348249516
Liverpool_20_21,37.960505792204614,38.22302970723278,25.39685019840059,12.449899597988733,5.916079783099616,4.898979485566356,2.449489742783178,23.021728866442675,13.152946437965905,9.695359714832659,16.0312195418814,12.96148139681572,23.345235059857504,22.64950330581225,25.019992006393608,27.964262908219126,38.8329756778952,33.54101966249684,36.05551275463989,46.9148164229596
Aston Villa_20_21,42.05948168962618,43.37049688440288,27.730849247724095,13.96424004376894,9.9498743710662,11.661903789690601,9.486832980505138,13.19090595827292,17.916472867168917,10.488088481701515,14.866068747318506,11.313708498984761,15.7797338380595,21.748563170931547,22.40535650240808,26.419689627245813,39.74921382870358,28.089143810376278,34.698703145794944,44.955533585978046
Arsenal_20_21,43.197222132910355,44.74371464239419,28.705400188814647,14.89966442575134,11.575836902790225,13.45362404707371,11.532562594670797,11.0,19.390719429665317,11.874342087037917,15.362291495737216,12.206555615733702,14.491376746189438,22.045407685048602,22.38302928559939,26.551836094703507,40.162171256046406,27.313000567495326,34.77067730142742,44.721359549995796
Leeds United_20_21,49.9799959983992,49.759421218498915,38.13135192987524,23.452078799117146,16.30950643030009,13.74772708486752,14.52583904633395,28.337254630609507,1.4142135623730951,7.280109889280518,8.602325267042627,9.433981132056603,21.02379604162864,12.24744871391589,15.84297951775486,17.291616465790582,26.248809496813376,26.49528259898354,24.677925358506133,35.52463933666322
Wolves_20_21,55.83009940883144,57.227615711297986,41.72529209005013,25.553864678361276,20.71231517720798,20.83266665599966,20.688160865577203,16.1245154965971,18.138357147217054,13.19090595827292,9.219544457292887,11.224972160321824,4.123105625617661,12.36931687685298,11.489125293076057,15.748015748023622,29.563490998188964,15.524174696260024,23.366642891095847,31.953090617340916
Crystal Palace_20_21,59.2452529743945,60.01666435249463,46.238512086787566,29.189039038652847,23.15167380558045,21.79449471770337,22.825424421026653,25.709920264364882,13.341664064126334,13.74772708486752,6.48074069840786,12.767145334803704,13.638181696985855,3.7416573867739413,7.280109889280518,9.219544457292887,20.273134932713294,16.792855623746664,16.822603841260722,25.573423705088842
Southampton_20_21,57.844619455918284,58.08614292583042,45.387222871640866,29.086079144497972,22.40535650240808,20.42057785666214,21.470910553583888,28.722813232690143,9.16515138991168,12.041594578792296,6.324555320336759,11.704699910719626,17.4928556845359,3.7416573867739413,8.774964387392123,9.433981132056603,19.0,19.849433241279208,16.881943016134134,26.90724809414742
Burnley_20_21,64.41273166075166,66.03786792439622,49.98999899979995,34.307433596816885,30.01666203960727,30.298514815086232,30.033314835362415,20.049937655763422,26.43860813280457,22.045407685048602,17.291616465790582,19.339079605813716,7.0,17.0,13.784048752090222,17.146428199482248,30.23243291566195,10.04987562112089,22.22611077089287,28.337254630609507
Brighton_20_21,58.69412236331676,59.67411499134277,44.41846462902562,29.58039891549808,24.228082879171435,24.166091947189145,23.366642891095847,19.131126469708992,19.519221295943137,14.212670403551895,11.0,10.954451150103322,5.385164807134504,12.529964086141668,9.273618495495704,13.638181696985855,28.635642126552707,11.357816691600547,20.688160865577203,30.215889859476256
Newcastle Utd_20_21,63.324560795950255,63.984373092185564,49.77951385861457,33.58571124749333,27.49545416973504,26.43860813280457,26.70205984563738,26.627053911388696,17.60681686165901,16.401219466856727,10.099504938362077,13.96424004376894,12.24744871391589,5.830951894845301,2.23606797749979,5.385164807134504,19.672315572906,10.488088481701515,12.767145334803704,22.315913604421397
Fulham_20_21,64.73020933072904,66.10597552415364,50.0999001995014,35.66510900025401,31.176914536239792,31.54362059117501,30.675723300355934,20.615528128088304,27.53179979587241,22.293496809607955,18.708286933869708,19.05255888325765,8.12403840463596,18.708286933869708,14.45683229480096,17.916472867168917,31.921779399024736,8.602325267042627,22.693611435820433,29.832867780352597
West Brom_20_21,79.68061244744545,80.05623023850174,66.47555941848101,49.969990994595946,43.78355855797927,42.30839160261236,42.96510211788167,42.16633728461603,31.160872901765764,32.46536616149585,26.13426869074396,30.166206257996713,27.294688127912362,19.4164878389476,17.378147196982766,14.071247279470288,13.038404810405298,16.401219466856727,7.3484692283495345,5.916079783099616
Sheffield Utd_20_21,80.36168241145776,81.10487038396646,66.19667665374146,50.79370039680118,45.16635916254486,44.48595283907045,44.28317965096906,38.3275357934736,35.52463933666322,33.83784863137726,28.39013913315678,30.643106892089126,24.124676163629637,23.53720459187964,19.1049731745428,18.24828759089466,24.71841418861655,10.488088481701515,15.066519173319364,16.30950643030009
